{
  "exposures": [
    100,
    110,
    120,
    130,
    140,
    150,
    160,
    170,
    180,
    190,
    200,
    210,
    220,
    230,
    240,
    250,
    260,
    270,
    280,
    290,
    300,
    310,
    320,
    330,
    340,
    350,
    360,
    370,
    380,
    390,
    400,
    410,
    420,
    430,
    440,
    450,
    460,
    470,
    480,
    490,
    500,
    510,
    520,
    530,
    540,
    550,
    560,
    570,
    580,
    590,
    600,
    610,
    620,
    630,
    640,
    650,
    660,
    670,
    680,
    690,
    700,
    710,
    720,
    730,
    740,
    750,
    760,
    770,
    780,
    790,
    800,
    810,
    820,
    830,
    840,
    850,
    860,
    870,
    880,
    890,
    900,
    910,
    920,
    930
  ],
  "least_efficient": {
    "obs_day": "2024-07-27",
    "obs_effs": [
      29.695441936638968,
      31.4034321433666,
      34.00787250034166,
      35.0895303469599,
      37.54849571576835,
      39.17971723493601,
      38.83331261994245,
      40.63919958335403,
      42.39264810620621,
      43.369000264647816,
      44.252222667736135,
      45.095076507138174,
      46.98332654253789,
      46.605794949030546,
      47.31727494403263,
      48.33261704637572,
      48.629658363379555,
      50.96287143463202,
      51.167329407719265,
      52.3942624500642,
      52.8905619688823,
      53.706974207716925,
      54.45907020659555,
      53.88144273126444,
      54.95106556193532,
      55.667510365216245,
      55.71377983269282,
      56.728162172048414,
      57.36680720850285,
      56.4070763658697,
      57.0285963646399,
      59.499653906949455,
      60.07899516300663,
      60.011991055985284,
      59.94981103365915,
      60.188636956160714,
      61.02804089469823,
      61.53831331159909,
      61.725921964570354,
      61.02979232317877,
      61.2294943078185,
      61.73311590160954,
      64.18910807335016,
      64.62577777533016,
      65.05193023164892,
      65.46793766879291,
      64.46608775035921,
      63.76331461969124,
      64.16420883994121,
      64.80291847543063,
      65.17429851168016,
      65.54852766415448,
      65.91379854413087,
      66.01508786534343,
      65.08813008267444,
      65.43961697357757,
      65.78409431804714,
      66.12282054927827,
      65.97580888387225,
      66.30275426153098,
      66.62348158764748,
      67.90152617435939,
      69.42656164456706,
      69.71855593240545,
      70.25250797077622,
      68.34670059302718,
      68.40636252528425,
      68.68751626861578,
      68.96437702665222,
      69.23638500160342,
      69.05856067078898,
      69.1047663837612,
      69.58470606235069,
      69.84063768601958,
      70.09230330537882,
      70.3166623738389,
      70.35787849729343,
      70.16614628684988,
      69.55580586161915,
      69.79456074163724,
      70.02959775579207,
      70.26101018739071,
      70.48887422323403,
      70.92423198809534
    ],
    "total_time": [
      19726.518207837908,
      20294.767742163465,
      20462.849620212168,
      21082.47300531906,
      21542.748514321218,
      21662.748514321534,
      24706.507359716503,
      25450.547373731395,
      25534.58903172721,
      25922.872466557903,
      26385.426591754105,
      27202.472035352417,
      27310.551263955873,
      30489.565637049844,
      30765.529874967313,
      31246.510544761033,
      31738.432276331354,
      31954.589918755824,
      32386.51409997742,
      33010.554186700174,
      33286.5116156874,
      33586.5121257266,
      36622.667044250906,
      37186.507992574625,
      37210.549676780814,
      37750.55042719605,
      38242.474819160205,
      38978.82620966267,
      39285.52652064607,
      42442.46913238639,
      42562.46913238649,
      42765.621902252744,
      42825.62190225221,
      43438.626662030176,
      44110.54991301655,
      44626.50878239344,
      45062.84481880586,
      45242.84481880556,
      45886.51201859011,
      48826.51290539752,
      49222.47524765833,
      50104.02955751304,
      50391.32304709742,
      50391.323047097634,
      50451.323047097816,
      50451.32304709796,
      51892.11587296347,
      54892.10155505495,
      54952.10155505515,
      55886.78773470064,
      56373.508601970876,
      56373.508601970316,
      56734.58895831117,
      57610.55768981926,
      60706.51174514683,
      60706.51174514729,
      60886.51174514652,
      61546.511076435854,
      62638.432276331136,
      62818.432276330816,
      62878.43227633089,
      63086.787118845015,
      63086.98998199218,
      63146.989981992505,
      63171.03068730114,
      67378.6281968434,
      68314.58719927286,
      68734.59822859903,
      68734.59822859937,
      68734.59822859908,
      69766.51371062783,
      72881.05167445989,
      73085.09245862457,
      73085.09245862474,
      73085.09245862489,
      73522.6670442509,
      74390.94876419847,
      76030.54530904394,
      78910.54473071074,
      78910.54473071103,
      78910.5447307107,
      78910.54473071097,
      78910.54473071123,
      80306.78563487993
    ]
  },
  "most_efficient": {
    "obs_day": "2024-11-04",
    "obs_effs": [
      34.503079936849424,
      36.687554311438745,
      38.73101716187439,
      40.646695378469936,
      42.446211761848204,
      44.13982103707226,
      45.7366053884178,
      47.24463738956447,
      48.67111650047761,
      50.02248400243323,
      51.30452024302933,
      52.52242728817021,
      53.6808994736216,
      54.784183873668646,
      55.836132328913315,
      56.84024637666097,
      57.799716188269414,
      58.71745442585111,
      59.59612577526897,
      60.43817278617318,
      61.245838546891854,
      62.02118663736108,
      62.76611873389319,
      63.48239018192938,
      64.17162380531505,
      64.83532218068396,
      65.47487857242137,
      66.09158669567033,
      66.68664945132107,
      67.2611867571564,
      67.81624258233965,
      68.35279127827076,
      68.87174328656361,
      69.37395029446773,
      69.86020989919702,
      70.33126983482869,
      70.78783180894067,
      71.23055499037297,
      71.66005918455895,
      72.0769277286376,
      72.48171013472601,
      72.87492450658493,
      73.25705975200977,
      73.62857761079961,
      73.98991451602915,
      74.3414833043473,
      74.68367478943475,
      75.0168592112,
      75.34138757205035,
      75.65759287032448,
      75.96579124003976,
      76.2662830051388,
      76.5593536556175,
      76.84527475223648,
      77.12430476579539,
      77.39668985645505,
      77.66266459804537,
      77.92245265180988,
      78.17626739370469,
      78.4243124988944,
      78.66678248684461,
      78.90386323007348,
      79.13573242933923,
      79.362560057851,
      79.5845087767978,
      79.80173432435716,
      80.01438588013195,
      80.22260640679835,
      80.42653297063079,
      80.62629704238515,
      80.82202477995013,
      81.01383729403828,
      81.20185089808355,
      81.3861773434493,
      81.56692404091802,
      81.74419426941121,
      81.91808737277107,
      82.0886989454158,
      82.25612100756933,
      82.42044217075744,
      82.58174779420192,
      82.74012013266398,
      82.89563847631865,
      83.04837928311596
    ],