{
  "bin1": {
    "obs_efficiency": 70.57374348744,
    "total_clock_time": 27123.739185061782,
    "other_survey_time": 7286.333220488601,
    "total_survey_time": 19837.405964573183,
    "idle_time": 0,
    "slew_time": 3256.285964573218,
    "settle_time": 1620,
    "GSA_time": 540,
    "exposure_time": 14000.0,
    "dither_time": 420.0,
    "readout_time": 1.1200000000000006
  },
  "bin2": {
    "obs_efficiency": 70.37143682863771,
    "total_clock_time": 123175.17710143863,
    "other_survey_time": 36492.280248640534,
    "total_survey_time": 86682.89685279809,
    "idle_time": 0,
    "slew_time": 14128.01685279835,
    "settle_time": 7290,
    "GSA_time": 2430,
    "exposure_time": 61000.0,
    "dither_time": 1830.0,
    "readout_time": 4.879999999999984
  },
  "bin3": {
    "obs_efficiency": 71.93682268370142,
    "total_clock_time": 285526.59322316054,
    "other_survey_time": 89521.27252674606,
    "total_survey_time": 196005.32069641448,
    "idle_time": 0,
    "slew_time": 31324.040696414962,
    "settle_time": 14580,
    "GSA_time": 4860,
    "exposure_time": 141000.0,
    "dither_time": 4230.0,
    "readout_time": 11.279999999999848
  },
  "bin4": {
    "obs_efficiency": 72.42792986866503,
    "total_clock_time": 510825.2429184434,
    "other_survey_time": 161512.48407144914,
    "total_survey_time": 349312.75884699426,
    "idle_time": 0,
    "slew_time": 55222.51884699526,
    "settle_time": 25110,
    "GSA_time": 8370,
    "exposure_time": 253000.0,
    "dither_time": 7590.0,
    "readout_time": 20.239999999999657
  },
  "bin5": {
    "obs_efficiency": 72.78194063189318,
    "total_clock_time": 809119.7525787418,
    "other_survey_time": 258158.90086399502,
    "total_survey_time": 550960.8517147468,
    "idle_time": 0,
    "slew_time": 86538.77171474826,
    "settle_time": 38520,
    "GSA_time": 12840,
    "exposure_time": 401000.0,
    "dither_time": 12030.0,
    "readout_time": 32.079999999999416
  },
  "bin6": {
    "obs_efficiency": 72.95063068860121,
    "total_clock_time": 1220847.527430823,
    "other_survey_time": 391519.5363096533,
    "total_survey_time": 829327.9911211698,
    "idle_time": 0,
    "slew_time": 129809.59112117207,
    "settle_time": 57240,
    "GSA_time": 19080,
    "exposure_time": 605000.0,
    "dither_time": 18150.0,
    "readout_time": 48.40000000000197
  },
  "bin7": {
    "obs_efficiency": 72.91659810051698,
    "total_clock_time": 1698211.7721018207,
    "other_survey_time": 542096.3992508986,
    "total_survey_time": 1156115.372850922,
    "idle_time": 0,
    "slew_time": 181677.93285092534,
    "settle_time": 79560,
    "GSA_time": 26520,
    "exposure_time": 843000.0,
    "dither_time": 25290.0,
    "readout_time": 67.44000000000372
  },
  "bin8": {
    "obs_efficiency": 72.39372526648499,
    "total_clock_time": 2196414.752224713,
    "other_survey_time": 690759.3988254307,
    "total_survey_time": 1505655.3533992823,
    "idle_time": 0,
    "slew_time": 237188.1533992871,
    "settle_time": 109260,
    "GSA_time": 36420,
    "exposure_time": 1090000.0,
    "dither_time": 32700.0,
    "readout_time": 87.19999999999979
  },
  "bin9": {
    "obs_efficiency": 72.27334955598347,
    "total_clock_time": 2698345.1107233344,
    "other_survey_time": 838738.4808148537,
    "total_survey_time": 1859606.6299084807,
    "idle_time": 0,
    "slew_time": 295059.10990848666,
    "settle_time": 135090,
    "GSA_time": 45030,
    "exposure_time": 1344000.0,
    "dither_time": 40320.0,
    "readout_time": 107.51999999999575
  },
  "bin10": {
    "obs_efficiency": 71.99905221564073,
    "total_clock_time": 3204903.896095375,
    "other_survey_time": 979874.6065403817,
    "total_survey_time": 2225029.2895549936,
    "idle_time": 0,
    "slew_time": 356321.12955500063,
    "settle_time": 163890,
    "GSA_time": 54630,
    "exposure_time": 1602000.0,
    "dither_time": 48060.0,
    "readout_time": 128.15999999999175
  },
  "bin11": {
    "obs_efficiency": 71.80353616026002,
    "total_clock_time": 3704285.116291281,
    "other_survey_time": 1115276.1351028702,
    "total_survey_time": 2589008.981188411,
    "idle_time": 0,
    "slew_time": 417170.26118841826,
    "settle_time": 192690,
    "GSA_time": 64230,
    "exposure_time": 1859000.0,
    "dither_time": 55770.0,
    "readout_time": 148.72000000000227
  },
  "bin12": {
    "obs_efficiency": 71.7765775955409,
    "total_clock_time": 4200055.934408712,
    "other_survey_time": 1254805.4490591132,
    "total_survey_time": 2945250.4853495993,
    "idle_time": 0,
    "slew_time": 476541.3653496075,
    "settle_time": 218340,
    "GSA_time": 72780,
    "exposure_time": 2114000.0,
    "dither_time": 63420.0,
    "readout_time": 169.1200000000127
  },
  "bin13": {
    "obs_efficiency": 71.571856778724,
    "total_clock_time": 4697786.668658502,
    "other_survey_time": 1383634.8403310317,
    "total_survey_time": 3314151.8283274705,
    "idle_time": 0,
    "slew_time": 540562.0683274792,
    "settle_time": 247680,
    "GSA_time": 82560,
    "exposure_time": 2372000.0,
    "dither_time": 71160.0,
    "readout_time": 189.76000000002327
  },
  "bin14": {
    "obs_efficiency": 71.63105342712946,
    "total_clock_time": 5264604.803911776,
    "other_survey_time": 1562299.9052439246,
    "total_survey_time": 3702304.8986678515,
    "idle_time": 0,
    "slew_time": 597932.7386678613,
    "settle_time": 279450,
    "GSA_time": 93150,
    "exposure_time": 2652000.0,
    "dither_time": 79560.0,
    "readout_time": 212.16000000003473
  },
  "bin15": {
    "obs_efficiency": 71.77831581332956,
    "total_clock_time": 5852166.349372457,
    "other_survey_time": 1750649.106119884,
    "total_survey_time": 4101517.2432525726,
    "idle_time": 0,
    "slew_time": 653041.723252582,
    "settle_time": 311940,
    "GSA_time": 103980,
    "exposure_time": 2944000.0,
    "dither_time": 88320.0,
    "readout_time": 235.52000000004668
  },
  "bin16": {
    "obs_efficiency": 71.90278734887457,
    "total_clock_time": 6435245.037108543,
    "other_survey_time": 1926379.498600676,
    "total_survey_time": 4508865.538507868,
    "idle_time": 0,
    "slew_time": 708186.1785078768,
    "settle_time": 345870,
    "GSA_time": 115290,
    "exposure_time": 3242000.0,
    "dither_time": 97260.0,
    "readout_time": 259.3600000000541
  },
  "bin17": {
    "obs_efficiency": 72.04940750332085,
    "total_clock_time": 7014842.272040243,
    "other_survey_time": 2091831.6284946818,
    "total_survey_time": 4923010.6435455615,
    "idle_time": 0,
    "slew_time": 761476.8835455712,
    "settle_time": 380880,
    "GSA_time": 126960,
    "exposure_time": 3547000.0,
    "dither_time": 106410.0,
    "readout_time": 283.7600000000319
  },
  "bin18": {
    "obs_efficiency": 72.17993613670006,
    "total_clock_time": 7597261.347081977,
    "other_survey_time": 2250900.2853438216,
    "total_survey_time": 5346361.061738156,
    "idle_time": 0,
    "slew_time": 815202.3417381666,
    "settle_time": 417060,
    "GSA_time": 139020,
    "exposure_time": 3859000.0,
    "dither_time": 115770.0,
    "readout_time": 308.7200000000092
  },
  "bin19": {
    "obs_efficiency": 72.34568477011379,
    "total_clock_time": 8180220.968982303,
    "other_survey_time": 2406552.48651114,
    "total_survey_time": 5773668.482471162,
    "idle_time": 0,
    "slew_time": 868144.3224711731,
    "settle_time": 452160,
    "GSA_time": 150720,
    "exposure_time": 4177000.0,
    "dither_time": 125310.0,
    "readout_time": 334.15999999998604
  },
  "bin20": {
    "obs_efficiency": 72.50488317587012,
    "total_clock_time": 8744562.1562616,
    "other_survey_time": 2535325.2017246103,
    "total_survey_time": 6209236.95453699,
    "idle_time": 0,
    "slew_time": 918776.7945370026,
    "settle_time": 489780,
    "GSA_time": 163260,
    "exposure_time": 4502000.0,
    "dither_time": 135060.0,
    "readout_time": 360.1599999999624
  },
  "bin21": {
    "obs_efficiency": 72.67634715988837,
    "total_clock_time": 9287015.418533742,